year,pattern_1_additions_runup,pattern_2_vix_regime,pattern_3_post_recon_reversal,pattern_4_vix_into_recon,pattern_5_yield_curve_at_recon,pattern_6_momentum_factor,regime
2000,0.0,273.8999938964844,1.3278535802647362,0.0,1502.220058441162,-1.3104526873382398,NEUTRAL
2001,-7.505282677073434,274.5800008138021,-1.142854236421131,4.899993896484375,1220.820004940033,-7.765281642888029,BEAR
2002,5.956608308320217,317.4066650390625,-0.186154665945563,-11.899993896484375,988.1610072851181,-2.3982552195994615,NEUTRAL
2003,-0.9810521428217004,361.9785723005022,3.143150194416623,-20.000000000000057,975.3779706954956,14.829347668054888,BULL
2004,-5.842532017677314,382.4599934895833,-3.4886753267915593,14.600006103515682,1133.1580537557602,1.568834182327871,NEUTRAL
2005,15.409839756224283,420.7200012207031,1.1697873682394706,21.700012207031307,1188.5699462890625,9.6573217651374,BULL
2006,-0.7005744441055741,678.6133341471354,1.3122622677203635,-52.20001220703125,1239.664999961853,-3.3546966085453795,NEUTRAL
2007,8.404913517532513,666.6666625976562,0.5800736148056022,-5.0,1498.6799755096436,7.563538715491387,BULL
2008,10.098161282946059,897.4500034877232,-0.1497801182591465,28.79998779296875,1276.7500048875809,18.071584601151315,BULL
2009,4.298003632102781,940.0999973842075,3.368990859288644,-12.5,918.7250244170426,37.93379438370651,BULL
2010,6.610787223131474,1209.7533447265625,-0.773523466434631,42.5,1076.635009765625,-6.342038635907701,BEAR
2011,-9.374682392973826,1507.4400065104167,-0.6033381194196036,-26.0999755859375,1268.4399511720985,-18.810113418955417,BEAR
2012,-6.4935081292600465,1578.2399983723958,-1.4241985611012047,40.0999755859375,1362.0800341814756,-18.98541350306039,BEAR
2013,4.990753807728989,1392.192862374442,1.480944843963994,-167.5,1606.2500292975456,2.179891596395518,NEUTRAL
2014,2.9500523866277844,1283.7142857142858,-0.3499102748840189,59.699951171875,1960.9419609382749,4.859184553577494,NEUTRAL
2015,-1.1111080885943525,1203.4285801478795,-2.180109364035664,-13.0,2101.4849902344868,4.632390440244433,NEUTRAL
2016,-3.4259119778551144,1254.2399983723958,-2.74978500289065,96.5,2037.1720341742039,11.72607896709734,BULL
2017,-13.634540199900863,1241.5066650390625,0.8602714741255575,3.7999267578125,2437.3670487999916,-12.634575012268169,BEAR
2019,9.28972190785631,1285.0071411132812,1.0603709918604134,129.0999755859375,2939.7250096797943,-7.921257920152559,BEAR
2020,8.453084976381446,1725.1500156947545,3.1436711657759924,62.199951171875,3008.9170488268137,201.1737283465369,BULL
2021,11.655614283027301,1867.6666748046875,-1.539499449921192,-124.7000732421875,4280.65719531104,19.609115222527603,BULL
2022,-6.474317344225447,1837.946671549479,1.8119279859469286,-19.699951171875,3910.141990184784,9.214533942249973,BULL
2023,-4.830046229911552,1989.4466634114583,0.303642384836524,-43.7000732421875,4343.192078113556,-12.188926122063917,BEAR
2024,5.909862550988566,2367.428536551339,2.256556680440559,-12.60009765625,5455.266980648041,-1.3191290985375625,NEUTRAL
2025,7.78087786856884,3272.0733561197917,-0.6257571027489227,-19.900146484375,6168.872824192047,5.592260191251279,BULL
